Título,Precio,Disponibilidad,Rango
A Light in the Attic,51.77,In stock,Tercero
Tipping the Velvet,53.74,In stock,Primero
Soumission,50.1,In stock,Primero
Sharp Objects,47.82,In stock,Cuarto
Sapiens: A Brief History of Humankind,54.23,In stock,Quinto
The Requiem Red,22.65,In stock,Primero
The Dirty Little Secrets of Getting Your Dream Job,33.34,In stock,Cuarto
"The Coming Woman: A Novel Based on the Life of the Infamous Feminist, Victoria Woodhull",17.93,In stock,Tercero
The Boys in the Boat: Nine Americans and Their Epic Quest for Gold at the 1936 Berlin Olympics,22.6,In stock,Cuarto
The Black Maria,52.15,In stock,Primero
"Starving Hearts (Triangular Trade Trilogy, #1)",13.99,In stock,Segundo
Shakespeare's Sonnets,20.66,In stock,Cuarto
Set Me Free,17.46,In stock,Quinto
Scott Pilgrim's Precious Little Life (Scott Pilgrim #1),52.29,In stock,Quinto
Rip it Up and Start Again,35.02,In stock,Quinto
"Our Band Could Be Your Life: Scenes from the American Indie Underground, 1981-1991",57.25,In stock,Tercero
Olio,23.88,In stock,Primero
Mesaerion: The Best Science Fiction Stories 1800-1849,37.59,In stock,Primero
Libertarianism for Beginners,51.33,In stock,Segundo
It's Only the Himalayas,45.17,In stock,Segundo
In Her Wake,12.84,In stock,Primero
How Music Works,37.32,In stock,Segundo
"Foolproof Preserving: A Guide to Small Batch Jams, Jellies, Pickles, Condiments, and More: A Foolproof Guide to Making Small Batch Jams, Jellies, Pickles, Condiments, and More",30.52,In stock,Tercero
Chase Me (Paris Nights #2),25.27,In stock,Quinto
Black Dust,34.53,In stock,Quinto
Birdsong: A Story in Pictures,54.64,In stock,Tercero
America's Cradle of Quarterbacks: Western Pennsylvania's Football Factory from Johnny Unitas to Joe Montana,22.5,In stock,Tercero
Aladdin and His Wonderful Lamp,53.13,In stock,Tercero
Worlds Elsewhere: Journeys Around Shakespeareâs Globe,40.3,In stock,Quinto
Wall and Piece,44.18,In stock,Cuarto
The Four Agreements: A Practical Guide to Personal Freedom,17.66,In stock,Quinto
The Five Love Languages: How to Express Heartfelt Commitment to Your Mate,31.05,In stock,Tercero
The Elephant Tree,23.82,In stock,Quinto
The Bear and the Piano,36.89,In stock,Primero
Sophie's World,15.94,In stock,Quinto
Penny Maybe,33.29,In stock,Tercero
Maude (1883-1993):She Grew Up with the country,18.02,In stock,Segundo
"In a Dark, Dark Wood",19.63,In stock,Primero
Behind Closed Doors,52.22,In stock,Cuarto
You can't bury them all: Poems,33.63,In stock,Segundo
